wallet,name,final_score,pass,fail_reasons,n_checked,roi_copy_checked,roi_delay_0.5m,roi_delay_1m,roi_delay_5m,roi_delay_30m,keep_ratio5,skip_share,roi_delay5_filtered,t_delay5,tape_share,markout_1h,markout_24h,slippage_median,slippage_n,spread_median,stage2_score,approved_segments
0x3c14d6729861ea0dd9a7cd246a79280a0ceca20a,KVBA7,0.1156,True,,106,0.1304,0.1235,0.1314,0.1329,0.1277,0.95,0.245,0.1703,2.5,0.962,0.019,0.108,0.0003,2,0.003,0.1217,"Sports (n=80, roi=+0.18) | Sports / Other sport (n=42, roi=+0.19) | Sports / Other sport / type=binary (n=42, roi=+0.19) | Sports / Other sport / live (n=42, roi=+0.19) | Sports / Soccer (n=36, roi=+0.17) | Sports / price=0.70-0.90 (n=46, roi=+0.14)"
0xe5130df60c5c0482abcbf470bf1ea82d489c5d90,jjjkl,0.1026,True,,68,0.113,0.1045,0.1106,0.1048,0.0983,0.92,0.368,0.1824,2.75,0.412,-0.0062,0.0949,0.0,2,0.001,0.1115,"Sports (n=36, roi=+0.14) | Sports / Soccer (n=33, roi=+0.14) | Sports / Soccer / FIFA World Cup (n=33, roi=+0.14) | Sports / Soccer / pre (n=30, roi=+0.13)"
0xb2eb870848b24fc746b9171988106014b4975311,0xb2Eb870848b24Fc746b9171988106014B4975311-1777056035574,0.0837,True,,78,0.1455,0.1406,0.1619,0.1626,0.1645,0.97,0.013,0.1417,1.75,0.423,-0.0226,0.2307,0.0,2,0.01,0.0863,"Sports / Soccer / pre (n=56, roi=+0.29) | Sports / Soccer / type=moneyline (n=63, roi=+0.27)"
0x63808949537e0a49ada6e63a9ef54a3334f7e633,,0.0606,True,,150,0.079,0.0654,0.0814,0.0743,0.0632,0.83,0.093,0.0703,1.13,0.78,0.0018,0.0772,,0,,0.073,"Sports / Soccer / price=0.50-0.70 (n=39, roi=+0.26) | Sports / price=0.50-0.70 (n=42, roi=+0.22) | Sports / Soccer (n=163, roi=+0.09) | Sports / Soccer / type=moneyline (n=81, roi=+0.13) | Sports (n=197, roi=+0.08) | Sports / Soccer / pre (n=117, roi=+0.10)"
0x149a9ec31ae097faa33b2f2ae8df659889c149d0,web3Boss,0.0461,True,,150,0.1642,0.1148,0.1379,0.1389,-0.0654,0.7,0.367,0.1307,2.25,1.0,0.1682,0.1752,,0,,0.0659,"Esports / Esports / type=child_moneyline (n=408, roi=+0.11) | Esports / Esports / live (n=494, roi=+0.09) | Esports / Esports (n=496, roi=+0.09) | Esports / Esports / Dota 2 (n=496, roi=+0.09) | Esports (n=498, roi=+0.09) | Esports / price=0.30-0.50 (n=36, roi=+0.31)"
0xf13dd60c30d95129690fc58e8e3784110167afc3,EdgeBot1,0.04,True,,150,0.0665,0.0431,0.0598,0.0695,0.0244,0.65,0.067,0.0585,1.08,0.707,-0.0312,0.0871,0.0,1,0.04,0.0615,"Sports / Soccer (n=117, roi=+0.17) | Sports / Soccer / pre (n=34, roi=+0.25)"
0x8d8a927fb3657b7a6abfe18a7a12b61bcb9d7a39,0x8d8A927Fb3657B7a6AbfE18A7A12b61BcB9D7A39-1773773427211,0.0323,True,,128,0.0745,0.0638,0.0744,0.0693,0.0387,0.86,0.156,0.0699,1.31,0.883,0.0164,0.0638,,0,,0.0375,"Sports / Soccer / FIFA World Cup (n=38, roi=+0.17) | Sports / Soccer (n=112, roi=+0.09) | Sports / price=0.70-0.90 (n=81, roi=+0.09) | Sports / Soccer / price=0.70-0.90 (n=76, roi=+0.09)"
0xde0e338ed6cb3a7bf316d33b3c7b3549c8d1e5bc,kicaumania88,0.0322,True,,77,0.0848,0.0744,0.0822,0.0847,0.0248,0.88,0.039,0.0605,1.33,0.714,0.3274,0.4117,0.0,1,0.01,0.0366,"Sports / price=0.50-0.70 (n=36, roi=+0.28)"
0x084fccc33d7f6dec43ec6565d095c07e76eb737e,,0.0309,True,,109,0.0694,0.0579,0.0658,0.0647,0.0538,0.84,0.202,0.0609,1.36,0.624,0.0685,0.0715,0.0,1,0.01,0.0368,"Sports (n=61, roi=+0.10) | Sports / Soccer (n=40, roi=+0.11)"
0x09dc5dc0b57240dc4c6dea7bcff286ef13dad0a4,cdsyiede,0.0168,True,,150,0.0735,0.0641,0.0727,0.0719,0.0654,0.87,0.007,0.0639,1.15,0.82,-0.0096,0.0577,0.0,3,0.01,0.0193,"Sports / price=0.50-0.70 (n=113, roi=+0.16)"
0x6f5ce61d6f49ad5d6f8a93a28af2807fe083bf79,0x6f5Ce61D6F49ad5D6F8a93A28Af2807fE083bF79-1782228615289,0.0107,True,,132,0.0282,0.033,0.0443,0.035,0.0388,1.17,0.198,0.0473,1.32,0.644,0.0177,0.1146,0.0,1,0.01,0.0107,"Sports / price=0.50-0.70 (n=36, roi=+0.21) | Sports / Soccer / price=0.50-0.70 (n=36, roi=+0.21)"
0x67b6ccabe5f6c01a7a9ecad5d420ea0cdc7f00bc,forget4,0.0087,True,,150,0.0777,0.0493,0.0553,0.0584,0.0469,0.63,0.027,0.0503,1.29,0.973,0.0533,0.1967,0.0114,1,0.01,0.0138,"Sports / Basketball / price=0.30-0.50 (n=53, roi=+0.25) | Sports / Basketball / pre (n=45, roi=+0.22)"
0x5f4a0508541e6930f13bc679851dedeb18699484,rubenoved,0.008,True,,150,0.0693,0.061,0.0723,0.0735,0.0268,0.88,0.253,0.0932,1.53,0.973,0.0167,0.0966,0.022,1,0.03,0.0091,"Esports / price=0.50-0.70 (n=52, roi=+0.20) | Esports / Esports / price=0.50-0.70 (n=52, roi=+0.20) | Esports / Esports / Counter Strike (n=151, roi=+0.10)"
0x26f65d469bd2820cf752b8466d5f25cf4b559068,Jtcr,0.0068,True,,124,0.0501,0.04,0.0442,0.0442,0.0501,0.8,0.016,0.0328,0.76,0.339,-0.0013,0.0661,0.0,1,0.01,0.0085,"Sports / price=0.50-0.70 (n=61, roi=+0.18) | Sports / Soccer / price=0.50-0.70 (n=61, roi=+0.18)"
0x1073cb696e3265bdabc8bafbfd818f0cd3f79b1f,0x1073Cb696E3265bDABC8BafbFD818F0Cd3f79b1f-1774760477935,0.0047,True,,103,0.0443,0.0337,0.0454,0.0347,0.02,0.76,0.039,0.0217,0.69,0.777,-0.0097,0.1022,0.0,5,0.01,0.0062,"Esports / Esports / type=moneyline (n=76, roi=+0.15) | Esports / Esports / pre (n=72, roi=+0.14)"
0xc3f119fe0be9b7c3631332b2bc0ead67311e8391,whataretheoddss,0.0046,True,,150,0.065,0.0401,0.0563,0.0532,0.002,0.62,0.367,0.0614,1.13,0.967,0.119,0.1489,,0,,0.0074,"Esports / price=0.50-0.70 (n=101, roi=+0.11) | Esports / Esports / price=0.50-0.70 (n=101, roi=+0.11)"
0xe0ec87e9b079493d0dbb1080d79650c7bfdaa9c4,ATL777,0,False,delayed_roi<=0,150,0.3974,-0.1076,0.1002,-0.1227,-0.2264,-0.27,0.793,-0.4864,-4.78,1.0,0.6467,0.6318,,0,,0.2518,"Sports / price=0.10-0.30 (n=133, roi=+1.01) | Sports (n=948, roi=+0.36) | Sports / Soccer / live (n=653, roi=+0.37) | Sports / Soccer (n=659, roi=+0.36) | Sports / price=0.30-0.50 (n=240, roi=+0.55) | Sports / Soccer / price=0.10-0.30 (n=90, roi=+0.89)"
0x12ed45d2b45259d27a7fb593e564cd269c4fc9b4,sazzaa,0,False,delayed_roi<=0,150,0.0292,-0.0459,0.0057,-0.0299,-0.053,-1.57,0.301,-0.0313,0.36,0.987,0.1637,-0.1114,,0,,0.0993,"Sports / Other sport / live (n=488, roi=+0.21) | Sports / price=0.10-0.30 (n=217, roi=+0.31) | Sports / Other sport / price=0.10-0.30 (n=217, roi=+0.31) | Sports (n=523, roi=+0.19) | Sports / Other sport (n=523, roi=+0.19) | Sports / Other sport / type=binary (n=523, roi=+0.19)"
0xb31e41965df4ab8014de4c4d8da9deff0a6ac120,C63AMG,0,False,delayed_roi<=0,150,-0.0391,-0.0597,-0.0514,-0.0538,-0.1488,0.0,0.26,-0.0632,-0.0,1.0,0.0693,0.0329,,0,,0.0606,"Sports (n=689, roi=+0.12) | Sports / Soccer (n=150, roi=+0.20) | Sports / Soccer / type=moneyline (n=149, roi=+0.19) | Sports / Tennis (n=448, roi=+0.10) | Sports / Tennis / type=moneyline (n=448, roi=+0.10) | Sports / Tennis / live (n=441, roi=+0.10)"
0xa64b1bc8f8fd581f9609b7fbe55c96f2ab9fe453,101dalmatians,0,False,edge_decays_with_delay,150,0.0328,0.0014,0.0391,0.0166,-0.1742,0.04,0.18,0.0518,0.69,0.987,0.107,0.1205,,0,,0.0294,"Esports / Esports / Counter Strike (n=118, roi=+0.22) | Esports / Esports / live (n=135, roi=+0.20) | Esports (n=149, roi=+0.17) | Esports / Esports (n=149, roi=+0.17)"
0xd3911bd5e070c9ad9a9519c966347802d8f3b109,lfg100k,0,False,delayed_roi<=0,150,-0.0077,-0.0017,0.0049,0.0085,-0.0935,0.0,0.087,0.0164,0.18,1.0,-0.0104,0.0006,,0,,0.0265,"Sports / price=0.70-0.90 (n=80, roi=+0.07)"
0xcb7ff0ad390ca732ff9d54f5f6da58888046824b,silentvector10,0,False,edge_decays_with_delay,149,0.044,0.0198,0.0436,0.0341,-0.0321,0.45,0.04,-0.0231,0.81,0.906,-0.0163,0.0933,0.0,2,0.01,0.0212,"Sports / price=0.50-0.70 (n=74, roi=+0.18)"
0xc7ff72c4e9bcb104faaffe1cb19fdf968c698a60,zhengzh09,0,False,delayed_roi<=0,150,-0.0636,-0.1,-0.069,-0.076,-0.1652,0.0,0.107,-0.1086,-1.01,1.0,-0.0527,-0.0507,,0,,0.0172,"Sports / Soccer / price=0.50-0.70 (n=91, roi=+0.26) | Sports / Soccer / type=moneyline (n=47, roi=+0.27) | Sports / Soccer / pre (n=97, roi=+0.19)"
0x5966e14a24015bdf52da7b1cd35a7afc7febaf5d,betwithconvic,0,False,delayed_roi<=0,150,-0.0643,-0.1016,-0.0806,-0.0984,-0.1808,0.0,0.153,-0.1187,-0.81,0.993,0.0586,0.0171,0.0,1,0.01,0.0104,"Esports / price=0.50-0.70 (n=35, roi=+0.23) | Esports / Esports / price=0.50-0.70 (n=35, roi=+0.23)"
0x807fcf8fbad55fb5121941ad7f37497e7db59615,,0,False,delayed_roi<=0,150,0.0299,-0.0252,0.0362,-0.0009,-0.0994,-0.84,0.253,-0.0124,0.22,1.0,0.0586,0.0572,0.0103,1,0.01,0.0084,"Sports / Baseball / type=moneyline (n=41, roi=+0.24)"
0x89879980a13fb82269cc489154fafbad8241d5b9,soocas,0,False,edge_decays_with_delay,131,0.0276,0.0004,0.0263,0.0352,-0.0969,0.01,0.275,-0.0457,0.28,0.939,0.0661,0.1026,,0,,0.008,"Esports / price=0.70-0.90 (n=42, roi=+0.11) | Esports / Esports / price=0.70-0.90 (n=42, roi=+0.11)"
0xd13e1585ab393467fe2351e6a9b4801f5b19f2d6,Elia12,0,False,delayed_roi<=0,150,-0.0533,-0.0684,-0.0602,-0.0502,0.0119,0.0,0.537,-0.1072,-2.43,1.0,-0.0926,-0.0877,,0,,0.0055,"Sports / Other sport / Japan J League (n=31, roi=+0.03)"
0x87b51dda6918015dd1cf9837be13bf604f698395,0x87b51DdA6918015dD1Cf9837bE13BF604f698395-1772022034279,0,False,edge_decays_with_delay,150,0.0637,0.0339,0.0698,0.0653,0.0297,0.53,0.287,0.0429,0.32,1.0,0.0592,0.0772,,0,,0.0037,"Sports / Other sport / price=0.70-0.90 (n=77, roi=+0.08) | Sports / Other sport (n=123, roi=+0.06) | Sports / Other sport / type=totals (n=36, roi=+0.10)"
0x20255f1ed1e9db14d2c663b588cbcc41306113c0,182837282,0,False,delayed_roi<=0,148,-0.0478,-0.0558,-0.0403,-0.0497,-0.1016,0.0,0.196,-0.0577,-1.19,1.0,-0.0821,-0.0903,0.1678,1,0.01,0.0025,"Sports / Tennis / price=0.70-0.90 (n=58, roi=+0.08)"
0xf3b1c96cc1e7f4fa6a4a916dae26535eff24979a,GenoMachino,0,False,delayed_roi<=0,150,-0.0339,-0.0609,-0.0315,-0.0078,-0.1514,0.0,0.187,-0.1034,0.05,1.0,0.1947,0.1754,,0,,-0.0007,"Sports / price=0.30-0.50 (n=85, roi=+0.25) | Sports / Tennis / price=0.30-0.50 (n=36, roi=+0.30) | Sports (n=401, roi=+0.08) | Sports / Basketball / type=moneyline (n=33, roi=+0.21) | Sports / Basketball (n=36, roi=+0.17) | Sports / Basketball / live (n=31, roi=+0.17)"
0xd5ad2f7f97be8852d87e0cec4568ef279ba65a42,fxcougar,0,False,delayed_roi<=0,150,0.0254,-0.0207,0.0334,0.0214,-0.0315,-0.81,0.053,-0.0122,-0.09,0.88,-0.0539,0.0309,,0,,-0.001,"Sports / American Football (n=154, roi=+0.17)"
0x0dbe4798a1719b1fc08cd3acc2369dd77c069013,brussssss,0,False,edge_decays_with_delay,150,0.0828,0.0392,0.0748,0.0797,0.0551,0.47,0.047,0.0342,1.07,1.0,0.0394,0.1749,,0,,-0.0026,"Sports / price=0.50-0.70 (n=193, roi=+0.11)"
0xd385bb420ad51200505d73526f16d20fd51234fb,legalm0ney,0,False,delayed_roi<=0,150,-0.0943,-0.1225,-0.1047,-0.1167,-0.2085,0.0,0.133,-0.1101,-0.8,0.967,-0.0214,-0.062,,0,,-0.003,"Esports / price=0.50-0.70 (n=42, roi=+0.22) | Esports / Esports / price=0.50-0.70 (n=42, roi=+0.22)"
0x322e713038d4174394c7302aa42e04db60b2ef2c,Gladiator02,0,False,delayed_roi<=0,83,-0.0285,-0.036,-0.0295,-0.0311,0.0009,0.0,0.084,-0.0067,0.26,0.892,-0.0587,0.0254,0.0,4,0.01,-0.0031,"Sports / Soccer (n=34, roi=+0.25) | Sports / Soccer / pre (n=34, roi=+0.25)"
0xf7dbb3d567fea98e1bf59538e1461f741eb0d23a,Brian88888,0,False,edge_decays_with_delay,150,0.0302,0.0132,0.0265,0.0209,-0.0316,0.44,0.14,0.0729,0.94,0.88,0.0267,0.0658,0.0,2,0.001,-0.0037,"Sports / Tennis / price=0.50-0.70 (n=49, roi=+0.19)"
0x51c7d30511ed096b39a9392bad97e0dc76c298aa,Chopperyyy,0,False,delayed_roi<=0,150,-0.0015,-0.0066,-0.0047,-0.0192,-0.0612,0.0,0.06,0.0043,0.11,0.88,-0.0432,0.0132,,0,,-0.0047,"Esports / Esports / Counter Strike (n=299, roi=+0.10)"
0x670d76669e567a24a9876f92310436d029020825,ebglyss,0,False,delayed_roi<=0,150,-0.112,-0.1131,-0.0944,-0.115,-0.2444,0.0,0.067,-0.1367,-0.01,0.56,0.0576,-0.0136,0.2046,1,0.02,-0.0054,"Sports / Basketball / price=0.50-0.70 (n=32, roi=+0.25)"
0xf184bff6a9217f1a76dcba7c0c4888351ebbc2d7,drunkdegenerate,0,False,delayed_roi<=0,106,-0.0522,-0.074,-0.0677,-0.0663,-0.0471,0.0,0.019,-0.0862,0.17,0.783,0.0033,0.0708,0.0,1,0.001,-0.0061,"Esports / price=0.50-0.70 (n=43, roi=+0.18) | Esports / Esports / price=0.50-0.70 (n=43, roi=+0.18)"
0x7714c16f86bcfdba47bfcb161dc39a2a1ff2b814,llllllIIIIIIlIllllllIIIIIIlIllllllIIIIIIlI,0,False,delayed_roi<=0,150,-0.001,-0.0147,-0.0048,-0.0091,-0.1908,0.0,0.067,-0.0244,0.28,0.987,0.0393,0.0166,,0,,-0.0081,"Sports / Soccer (n=62, roi=+0.35) | Sports (n=95, roi=+0.24) | Sports / Soccer / live (n=36, roi=+0.35) | Sports / Soccer / type=moneyline (n=34, roi=+0.31) | Sports / Soccer / price=0.50-0.70 (n=31, roi=+0.23) | Sports / price=0.50-0.70 (n=33, roi=+0.21)"
0x37e944c698f533d3144d1175f3e846dcafb9eede,GaoJin-GamblingGod,0,False,delayed_roi<=0,150,-0.1172,-0.1464,-0.1238,-0.1469,-0.2868,0.0,0.107,-0.1761,-1.07,0.993,-0.014,-0.072,,0,,-0.0083,"Sports / Soccer / FIFA World Cup (n=76, roi=+0.21)"
0x2d51fbb5706bfe7ab7d21853fc054f0a17d4d971,fFffffFFFfFFFfFFFFfjjh,0,False,edge_decays_with_delay,150,0.0443,0.0243,0.0328,-0.0065,-0.3103,0.55,0.16,0.0422,0.99,1.0,0.0965,0.0922,0.2481,1,0.004,-0.0256,"Esports / price=0.30-0.50 (n=239, roi=+0.22) | Esports / Esports / price=0.30-0.50 (n=239, roi=+0.22)"
0x82882d761b0d7f18b2cc286117d10cd8a15a5519,Sugarina,0,False,delayed_roi<=0,150,-0.1935,-0.219,-0.207,-0.2167,-0.2135,0.0,0.147,-0.2804,-0.83,1.0,0.3092,0.6477,,0,,-0.0283,"Sports / Other sport / price=0.70-0.90 (n=43, roi=+0.14)"
0x791e45264c99eecaeb095caea9ad863740d29bda,easymoneysniperzz,0,False,edge_decays_with_delay,150,0.0419,0.0205,0.0314,0.0375,-0.0349,0.49,0.033,0.018,1.19,0.967,0.0691,0.153,,0,,-0.0301,"Esports / Esports / type=map_handicap (n=131, roi=+0.20)"
0xc406a11fccbaf0df26f380f593ab08e2a70b4deb,Galaktor,0,False,delayed_roi<=0,150,-0.054,-0.0449,-0.0471,-0.0663,-0.0589,0.0,0.02,-0.0466,0.91,0.46,0.028,0.1107,0.0,1,0.01,-0.0362,"Sports / Basketball / price=0.10-0.30 (n=164, roi=+0.35)"
0xe23cd5fb6bee7b1c9f60f5d9969ac7ba52cc5ae7,apprentice15,0,False,delayed_roi<=0,150,-0.0493,-0.2062,-0.1353,-0.1821,-0.2558,0.0,0.444,-0.1961,-1.05,1.0,0.1533,0.2196,0.0917,1,0.007,-0.0654,"Sports / Soccer (n=442, roi=+0.25) | Sports / Soccer / live (n=432, roi=+0.25) | Sports (n=544, roi=+0.22) | Sports / price=0.10-0.30 (n=115, roi=+0.41) | Sports / Soccer / price=0.30-0.50 (n=149, roi=+0.18)"
0x7ce336595687024c9ebf620f2dcb3b71269b1689,0x7Ce336595687024C9ebF620F2dCb3b71269B1689-1774766944047,0,False,delayed_roi<=0,150,-0.1241,-0.2346,-0.1144,-0.1794,-0.2365,0.0,0.353,-0.2554,-0.83,0.993,0.2201,0.3223,0.0087,2,0.03,-0.0746,"Sports / Other sport / live (n=739, roi=+0.15) | Sports / Other sport / Hong Kong Daily Weather (n=479, roi=+0.19) | Sports / Other sport / type=binary (n=841, roi=+0.13) | Sports / Other sport / price=0.10-0.30 (n=352, roi=+0.20) | Sports / Other sport (n=845, roi=+0.13) | Sports / price=0.10-0.30 (n=368, roi=+0.16)"
0xbb360c54a7f8135407954450592f47d6bc940d51,PiThree14,0,False,delayed_roi<=0,150,-0.2276,-0.2518,-0.2258,-0.2321,-0.2278,0.0,0.08,-0.2497,-1.48,0.973,-0.0731,0.0826,0.0163,2,0.01,-0.0863,"Sports / price=0.00-0.10 (n=48, roi=+1.77) | Sports / Other sport / Elon Tweets (n=120, roi=+0.77) | Sports (n=233, roi=+0.54) | Sports / price=0.50-0.70 (n=45, roi=+0.21)"
