раздел;работа;ед;мин;типично;макс;с_материалом;примечание
демонтаж;Перегородка кирпич 1/2;м2;8;14;45;нет;
демонтаж;Перегородка ГКЛ;м2;3;12;25;нет;
демонтаж;Перегородка ж/б, бетон;м2;15;28;40;нет;
демонтаж;Перегородка блоки (ГСБ, керамзит);м2;12;15;45;нет;
демонтаж;Стяжка до 5 см;м2;7;11;30;нет;
демонтаж;Стяжка 5–10 см;м2;12;16;35;нет;
демонтаж;Плитка стены/пол с клеем;м2;4;13;20;нет;
демонтаж;Штукатурка;м2;4;11;15;нет;
демонтаж;Обои;м2;1.5;3;5;нет;
демонтаж;Краска/старая шпаклёвка;м2;4.5;10;15.5;нет;
демонтаж;Дверной блок;шт;10;20;40;нет;
демонтаж;Ванна чугунная;шт;30;50;133;нет;
демонтаж;Унитаз;шт;10;20;30;нет;
демонтаж;Радиатор;шт;22;30;40;нет;
демонтаж;Вынос мусора (мешок, с лифтом);мешок;1.5;2;3;нет;
демонтаж;Газель 4–5 м3, рейс;рейс;160;180;220;нет;
демонтаж;Контейнер 8 м3 (до 5 т);шт;230;365;420;нет;
стены;Штукатурка стен гипс по маякам до 20–30 мм;м2;14;20;28;нет;
стены;Штукатурка цементная по маякам;м2;22;25;30;нет;
стены;Штукатурка механизированная гипсовая;м2;14;17;20;нет;
стены;Штукатурка потолка;м2;18;26;45;нет;
стены;Грунтовка;м2;1.3;2;4;нет;
стены;Армирование стеклосеткой сплошь;м2;3;6;8;нет;
стены;Стеклохолст (поклейка);м2;4.5;9;13.3;нет;
стены;Шпаклёвка под обои (комплекс);м2;8;14;42;нет;
стены;Шпаклёвка под покраску (комплекс, без стеклохолста);м2;16;30;45;нет;
стены;Шпаклёвка 1 слой;м2;2.65;4;6.6;нет;
стены;Шлифовка;м2;3;6;8.8;нет;
стены;Перегородка ГКЛ 1 слой с каждой стороны;м2;26.5;50;72;нет;
стены;Перегородка ГКЛ 2 слоя;м2;35;55;80;нет;
стены;Звукоизоляция в каркас;м2;11;12;12;нет;
стены;Перегородка газосиликат до 150 мм;м2;31;32;36;нет;
стены;Перегородка ПГП 80 мм;м2;35;37;45;нет;
стены;Перегородка керамзитобетон 100 мм;м2;35;36;40;нет;
стены;Кирпич 1/2 с армированием;м2;60;60;75;нет;
стены;Закладка проёма;м2;100;110;150;нет;
потолки;Потолок ГКЛ одноуровневый 1 слой;м2;30;45;50;нет;
потолки;Короб/2-й уровень ГКЛ;м.п.;35;48;60;нет;
потолки;Натяжной ПВХ мат/сатин;м2;18;28;40;да;
потолки;Натяжной тканевый;м2;50;60;77;да;
потолки;Теневой профиль;м.п.;10;21;39;да;
потолки;Световые линии;м.п.;78;100;111;да;
потолки;Откосы штукатурные;м.п.;11;18;27;нет;
потолки;Откосы под ключ (штук+шпакл+покраска);м.п.;25;45;63;нет;
полы;Стяжка ЦПС по маякам до 50 мм;м2;11;18;40;нет;
полы;Стяжка ЦПС с материалом (>100 м2);м2;17.5;18;18.5;да;
полы;Полусухая стяжка механизированная;м2;11;17.5;50;частично;17,5 — с материалом на большом объёме
полы;Наливной пол / самонивелир до 15 мм;м2;14;18;29;нет;
полы;Гидроизоляция обмазочная 2 слоя;м2;7.5;10;13.3;нет;
полы;Тёплый пол мат;м2;15;22;60;нет;
полы;Тёплый пол кабель;м2;30;44;60;нет;оценка
полы;Тёплый пол водяной (трубы без стяжки);м2;13;25;40;нет;
полы;Плитка керамическая стандарт;м2;25;45;70;нет;
полы;Керамогранит средний формат;м2;35;55;95;нет;
полы;Крупноформат 60×120+;м2;45;65;120;нет;
полы;Плитка по диагонали;м2;35;58;71;нет;
полы;Мозаика;м2;40;80;140;нет;
полы;Ламинат прямо;м2;7.5;12;18;нет;
полы;Ламинат диагональ;м2;10.5;15;17;нет;
полы;Кварцвинил/SPC замковый;м2;7.5;17.5;20;нет;
полы;Кварцвинил клеевой;м2;25;30;39;нет;
полы;Паркетная доска на клей;м2;17;40;50;нет;
полы;Плинтус ПВХ;м.п.;4.5;7;8;нет;
полы;Плинтус МДФ/дюрополимер;м.п.;9;19;22;нет;
полы;Плинтус алюминиевый скрытый;м.п.;25;30;35;нет;оценка
полы;Порожек/компенсационный шов;шт;15;25;35;нет;оценка
электрика;Штроба бетон;м.п.;6.5;12;15;нет;
электрика;Штроба кирпич;м.п.;4;8;10;нет;
электрика;Штроба газосиликат;м.п.;1.5;5;6;нет;
электрика;Прокладка кабеля 1,5–2,5;м.п.;2.2;3.3;8;нет;
электрика;Подрозетник (гнездо + монтаж, бетон);шт;3.5;17;19;нет;
электрика;Розетка/выключатель механизм;шт;3.6;8;15;нет;
электрика;Точка света;шт;15;35;60;нет;
электрика;Распредкоробка с коммутацией;шт;20;35;50;нет;
электрика;Щит: корпус скрытый;шт;66;150;150;нет;
электрика;Щит: модуль автомат;шт;15.5;20;35;нет;
электрика;Щит: модуль диф/УЗО;шт;20;35;35;нет;
электрика;Щит квартирный собранный;шт;600;900;1100;нет;
электрика;Люстра простая;шт;33;45;90;нет;
электрика;Трек шинопровод;м.п.;40;40;40;нет;
электрика;LED-лента;м.п.;25;27;30;нет;
электрика;Слаботочка кабель;м.п.;3;4;6;нет;
электрика;Слаботочка розетка;шт;10;20;35;нет;
электрика;Полная точка (штроба+кабель+подрозетник+механизм);точка;50;90;150;нет;расчётная оценка
электрика;Электрика квартиры под ключ 50–70 м2 работа;квартира;750;1100;1600;нет;
сантехника;Точка водоснабжения;точка;30;70;120;нет;
сантехника;Точка канализации;точка;30;45;80;нет;
сантехника;Штроба под трубы;м.п.;10;20;40;нет;
сантехника;Унитаз напольный;шт;31;75;130;нет;
сантехника;Инсталляция (рама + подвод);шт;110;135;150;нет;
сантехника;Навеска унитаза на инсталляцию;шт;100;150;150;нет;
сантехника;Ванна;шт;90;130;160;нет;
сантехника;Душевой поддон;шт;60;150;250;нет;
сантехника;Трап / лоток;шт;120;120;200;нет;
сантехника;Смеситель открытый;шт;25;50;130;нет;
сантехника;Смеситель скрытого монтажа;шт;300;380;380;нет;
сантехника;Полотенцесушитель навеска;шт;120;120;120;нет;
сантехника;Полотенцесушитель замена с байпасом;шт;190;190;350;нет;
сантехника;Радиатор навеска;шт;40;40;40;нет;
сантехника;Радиатор точка с подводом;шт;120;150;180;нет;
сантехника;Коллекторный узел;шт;75;100;160;нет;
сантехника;Фильтр/редуктор;шт;35;70;120;нет;
сантехника;Счётчик воды;шт;70;75;100;нет;
сантехника;Короб ГКЛ под трубы;м.п.;100;160;200;нет;
плитка;Затирка цементная;м2;1;4;8.8;нет;
плитка;Затирка эпоксидная;м2;10;12;20;нет;
плитка;Запил под 45°;м.п.;8;30;50;нет;
плитка;Отверстие под вывод;шт;7;15;22;нет;
плитка;Люк-невидимка под плитку;шт;110;110;110;нет;
плитка;Ниши/узкие участки;м.п.;18;50;55;нет;
плитка;Экран ванны ГКЛ + плитка;шт;120;145;290;нет;
плитка;Санузел 3–5 м2 под ключ, работы;объект;3000;4500;8000;нет;
чистовая;Покраска стен 2 слоя;м2;5.2;10;20;нет;
чистовая;Покраска потолка 2 слоя;м2;6.6;10;12;нет;
чистовая;Покраска под ключ (шпакл+стеклохолст+2 слоя);м2;32;44;65;нет;
чистовая;Декоративная штукатурка нанесение;м2;15;35;100;нет;
чистовая;Микроцемент стены работа+материал;м2;66.5;85;193;да;193 — модель UNICORE
чистовая;Микроцемент полы работа+материал;м2;130;150;224;да;224 — модель UNICORE
чистовая;Микроцемент только работа;м2;60;72;100;нет;
чистовая;Обои флизелин/винил;м2;7;10;13;нет;
чистовая;Обои под покраску;м2;7;10;18;нет;
чистовая;Дверь межкомнатная установка;шт;80;118;170;нет;
чистовая;Дверь-невидимка установка короба;шт;120;150;250;нет;
чистовая;Дверь-невидимка отделка (откосы+покраска полотна);шт;300;450;600;нет;
чистовая;Дверь входная установка;шт;90;110;200;нет;
чистовая;Подоконник ПВХ;м.п.;25;25;25;нет;
чистовая;Кухня сборка с навеской;компл;180;300;600;нет;
сопутствующее;Дизайн-проект полный;м2;28;50;120;нет;
сопутствующее;Технадзор разовый выезд;шт;200;350;450;нет;
сопутствующее;Технадзор сопровождение;объект;1500;2000;3000;нет;
сопутствующее;Уборка после ремонта;м2;2.5;4.5;8;нет;
сопутствующее;Подъём материалов без лифта;место·этаж;1;1.3;1.7;нет;
комплекс;Косметический работа;м2 общ;69;200;303;нет;
комплекс;Капитальный вторичка работа;м2 общ;99;350;600;нет;
комплекс;Евроремонт работа;м2 общ;321;400;600;нет;
комплекс;Дизайнерский работа;м2 общ;199;850;1500;нет;
комплекс;Новостройка с нуля работа;м2 общ;200;470;600;нет;
комплекс;Новостройка с материалами;м2 общ;606;760;1061;да;
